nk_1,nk_2,plot_x_nk,N_common_energy_points,rms
6,8,8,400,0.060249186
8,10,10,400,0.030082319
10,12,12,400,0.023945559
12,14,14,400,0.013815312
14,16,16,400,0.010351490
16,18,18,400,0.007018840
